1, "Produto 1", "Descricao do produto 1", 400, 1.20
2, "Produto 2", "Descricao do produto 2", 400, 1.20
3, "Produto 3", "Descricao alterada", 400, 1.20
4, "Produto 4", "Descricao do produto 4", 400, 1.20
5, "Produto 5", "Descricao do produto 5", 400, 1.20
6, "Produto 6", "Descricao do produto 6", 400, 1.20
7, "Produto 7", "Descricao do produto 6", 400, 1.20
8, "Produto 8", "Descricao do produto 6", 400, 1.20
9, "Produto 9", "Descricao do produto 6", 400, 1.20
11, "Produto 11", "Descricao11111 do produto 6", 400, 1.20
12, "Produto 12", "Descricao do produto 6", 400, 1.20
13, "Produto 13", "Descricao do produto 6", 400, 1.20